<?xml version='1.0' encoding='utf-8'?>
<!DOCTYPE hibernate-configuration SYSTEM "classpath://org/hibernate/hibernate-configuration-3.0.dtd">

<!--MYSQL -->
<hibernate-configuration>
	<session-factory>
		<property name="hibernate.connection.driver_class">org.postgresql.Driver</property>
		<property name="hibernate.connection.url">jdbc:postgresql://localhost:5432/E193273</property>
		<property name="hibernate.connection.username">postgres</property>
		<property name="hibernate.connection.password">193273</property>
		<property name="hibernate.connection.pool_size">10</property>
		<property name="show_sql">true</property>
		<property name="dialect">org.hibernate.dialect.MySQLDialect</property>
		<property name="hibernate.current_session_context_class">thread</property>

		<mapping resource="persistencia/Ciudad.hbm.xml" />
		<mapping resource="persistencia/Alumno.hbm.xml" />


	</session-factory>
</hibernate-configuration>


